<?xml version="1.0" encoding="utf-8" ?>
<dwsync>
<file name="bullets.png" server="ftp.inbedpro.com/public_html/victorelu.com/projects/esnail/" local="129737893040317724" remote="129791817600000000" />
<file name="controlnav.png" server="ftp.inbedpro.com/public_html/victorelu.com/projects/esnail/" local="129737893038887643" remote="129791817600000000" />
<file name="featured.png" server="ftp.inbedpro.com/public_html/victorelu.com/projects/esnail/" local="129737893036167487" remote="129791817600000000" />
<file name="loading.gif" server="ftp.inbedpro.com/public_html/victorelu.com/projects/esnail/" local="129737893034237377" remote="129791817600000000" />
<file name="pascal.css" server="ftp.inbedpro.com/public_html/victorelu.com/projects/esnail/" local="129737893030717175" remote="129791817600000000" />
<file name="readme.txt" server="ftp.inbedpro.com/public_html/victorelu.com/projects/esnail/" local="129737893028467047" remote="129791817600000000" />
<file name="ribbon.png" server="ftp.inbedpro.com/public_html/victorelu.com/projects/esnail/" local="129737893025176858" remote="129791817600000000" />
<file name="slider.png" server="ftp.inbedpro.com/public_html/victorelu.com/projects/esnail/" local="129737893022356697" remote="129791817600000000" />
</dwsync>