<?xml version="1.0" encoding="utf-8" ?>
<dwsync>
<file name=".htaccess" server="ftp.inbedpro.com/public_html/victorelu.com/projects/esnail/" local="129834758167016597" remote="129843662400000000" />
<file name="about.php" server="ftp.inbedpro.com/public_html/victorelu.com/projects/esnail/" local="129792025605468500" remote="129843662400000000" />
<file name="blog.php" server="ftp.inbedpro.com/public_html/victorelu.com/projects/esnail/" local="129834755809631762" remote="129843662400000000" />
<file name="header.php" server="ftp.inbedpro.com/public_html/victorelu.com/projects/esnail/" local="129843912728242841" remote="129843662400000000" />
<file name="how.php" server="ftp.inbedpro.com/public_html/victorelu.com/projects/esnail/" local="129792093699507456" remote="129843662400000000" />
<file name="index.php" server="ftp.inbedpro.com/public_html/victorelu.com/projects/esnail/" local="129834885513870420" remote="129843662400000000" />
<file name="legal.php" server="ftp.inbedpro.com/public_html/victorelu.com/projects/esnail/" local="129833615620797033" remote="129843662400000000" />
<file name="plans.php" server="ftp.inbedpro.com/public_html/victorelu.com/projects/esnail/" local="129834755474612600" remote="129843662400000000" />
<file name="privacy.php" server="ftp.inbedpro.com/public_html/victorelu.com/projects/esnail/" local="129833616213410929" remote="129843662400000000" />
<file name="register.php" server="ftp.inbedpro.com/public_html/victorelu.com/projects/esnail/" local="129843910673423797" remote="129843662400000000" />
<file name="security.php" server="ftp.inbedpro.com/public_html/victorelu.com/projects/esnail/" local="129833611655630238" remote="129843662400000000" />
<file name="support.php" server="ftp.inbedpro.com/public_html/victorelu.com/projects/esnail/" local="129834812160764862" remote="129843662400000000" />
<file name="testimonials.php" server="ftp.inbedpro.com/public_html/victorelu.com/projects/esnail/" local="129834809992970872" remote="129843662400000000" />
<file name="virtual-po-box.php" server="ftp.inbedpro.com/public_html/victorelu.com/projects/esnail/" local="129834801471903495" remote="129843662400000000" />
</dwsync>